name,title,url_link
HYBE LABELS,NewJeans (ë‰´ì§„ìŠ¤) 'Attention' Official MV,https://www.youtube.com//watch?v=js1CtxSY38I
ìŠ¤ë¸ŒìŠ¤ì¼€ì´íŒ X INKIGAYO,NewJeans(ë‰´ì§„ìŠ¤) - Cookie @ì¸ê¸°ê°€ìš” inkigayo 20220807,https://www.youtube.com//watch?v=wogyLl3BbjY
KBS Kpop,[ë®¤ë±… ì›í…Œì´í¬ 4K] ë‰´ì§„ìŠ¤(NewJeans) 'Attention' 4K Bonus Ver. @ë®¤ì§ë±…í¬(Music Bank) 220805,https://www.youtube.com//watch?v=CHp0Kaidr14
Soul,ë‰´ì§„ìŠ¤ ë…¸ë˜ëª¨ìŒ (ê°€ì‚¬í¬í•¨) | Full Album,https://www.youtube.com//watch?v=hpIkeGOZomU
SoulYeonì†”ì—°,[4K] NewJeans (ë‰´ì§„ìŠ¤) Hype Boy (í•˜ì…ë³´ì´) êµì°¨í¸ì§‘ (Stage Mix),https://www.youtube.com//watch?v=CPuJ6xPRYXQ
ë•Œê»„ë£©á´›á´€á´‹á´‡ á´€ ÊŸá´á´á´‹,ğğ¥ğšğ²ğ¥ğ¢ğ¬ğ­ ë‚´ê°€ ë“¤ìœ¼ë ¤ê³  ë§Œë“  ë‰´ì§„ìŠ¤ ë…¸ë˜ëª¨ìŒ (1Hour Loop),https://www.youtube.com//watch?v=ewxYV67Gtn4
K MUSIC,[Full Album] NewJeans (ë‰´ì§„ìŠ¤) 1st EP 'New Jeans',https://www.youtube.com//watch?v=pqlrCp-2GLI
HYBE LABELS,NewJeans (ë‰´ì§„ìŠ¤) 'Cookie' Official MV,https://www.youtube.com//watch?v=VOmIplFAGeg
Jaeguchi,NewJeans Attention Lyrics (ë‰´ì§„ìŠ¤ Attention ê°€ì‚¬) (Color Coded Lyrics),https://www.youtube.com//watch?v=ma8FcJxhZnw
KBS Kpop,Hype boy - ë‰´ì§„ìŠ¤(NewJeans) [ë®¤ì§ë±…í¬/Music Bank] | KBS 220819 ë°©ì†¡,https://www.youtube.com//watch?v=iXM99GTJWsk
í•‘í¬í (ì¸ê¸° ë™ìš”ãƒ»ë™í™”),"ë‹ˆë‹ˆëª¨ì†¡ğŸ± | ë‰´ì§„ìŠ¤Xí•‘í¬íXì•„ê¸°ìƒì–´ | ë‹ˆë‹ˆëª¨ëŠ” í•‘í¬í, ë‰´ì§„ìŠ¤ê°€ ê°€ëŠ” ê³³ ì–´ë””ë“  ë”°ë¼ê°ˆí…Œì•¼ğŸˆ | í•‘í¬í Dance Alive",https://www.youtube.com//watch?v=rk2N1OtxQ8s
STUDIO CHOOM [ìŠ¤íŠœë””ì˜¤ ì¶¤],[BE ORIGINAL] NewJeans(ë‰´ì§„ìŠ¤) 'Attention' (4K),https://www.youtube.com//watch?v=lgfXrQUx4go
KBS Kpop,"[êµì°¨í¸ì§‘] ë‰´ì§„ìŠ¤ ì—†ëŠ” ì´ë²ˆì£¼ëŠ” ì¬ë¯¸ì—†ì–´ ì–´ì©Œì§€? ì–´ì©Œê¸´ ë­˜ ì–´ì§¸, êµì°¨í¸ì§‘ìœ¼ë¡œ ë³´ë©´ ë˜ì§•ğŸ’™ (NewJeans Hype boy Stage Mix) l KBS ë°©ì†¡",https://www.youtube.com//watch?v=bqoHoDFFlXg
KBS Kpop,Hype boy - ë‰´ì§„ìŠ¤(NewJeans) [ë®¤ì§ë±…í¬/Music Bank] | KBS 220812 ë°©ì†¡,https://www.youtube.com//watch?v=IQ69bf8uqME
HYBE LABELS,NewJeans (ë‰´ì§„ìŠ¤) 'Hype Boy' Official MV (Performance ver.1),https://www.youtube.com//watch?v=11cta61wi0g
HYBE LABELS,NewJeans (ë‰´ì§„ìŠ¤) 'Hype Boy' Official MV (MINJI ver.),https://www.youtube.com//watch?v=Rrf8uQFvICE
KBS Entertain,[ì œ49íšŒ í•œêµ­ë°©ì†¡ëŒ€ìƒ ì‹œìƒì‹] ì¶•í•˜ê³µì—° - ë‰´ì§„ìŠ¤ Attention [ì œ 49íšŒ í•œêµ­ë°©ì†¡ëŒ€ìƒ] | KBS 220905 ë°©ì†¡,https://www.youtube.com//watch?v=xhRgoLReeFE
Harper's BAZAAR Korea,"[ENG] í”„ë¡œ ì•„ì´ëŒ ê·¸ ì¡ì±„ ë‰´ì§„ìŠ¤(NEWJEANS), ""ì´ê±° ë‹¤ ë³´ë©´...ì…ë•í•˜ëŠ” ê±°ë‹¤?""",https://www.youtube.com//watch?v=sNyMxH7_9yQ
On the street,221008 New Jeans ë‰´ì§„ìŠ¤ Full 4K 60p ì§ìº  (Fancam) 2022 TMA ë”íŒ©íŠ¸ ë®¤ì§ ì–´ì›Œì¦ˆ The Fact Music Awards @ì˜¬ë¦¼í”½ê³µì› ì²´ì¡°ê²½ê¸°ì¥,https://www.youtube.com//watch?v=hcctKkGM0GM
NewJeans,[NewZips] Last Day In ë‰´ìº í”„ â›ºï¸ğŸŒ³ EP.3ã…£NewJeans,https://www.youtube.com//watch?v=XwUdoDcgfng
Coffee4U,"220921 NewJeans (ë‰´ì§„ìŠ¤) Full Ver. ""Attention, Cookie, Hurt, Hype Boy"" ì§ìº (Fancam) [4K 60p] @ë‹¨êµ­ëŒ€í•™êµ ì¶•ì œ",https://www.youtube.com//watch?v=oZps8KZzYBc
HYBE LABELS,NewJeans (ë‰´ì§„ìŠ¤) 'Hype Boy' Official MV (DANIELLE&HAERIN ver.),https://www.youtube.com//watch?v=9wUKhEgnllc
Hanni Pham,"[1 Hour] NewJeans (ë‰´ì§„ìŠ¤) Attention, Hype Boy, Cookie, & Hurt",https://www.youtube.com//watch?v=x0snQpyOJDY
it's Live,[4K] NewJeans (ë‰´ì§„ìŠ¤) -â€œAttentionâ€ Band LIVE Concertâ”‚ë‰´ì§„ìŠ¤ì˜ ì²­ëŸ‰ í•˜ì´í‹´ ë°´ë“œë¼ì´ë¸ŒğŸ’« [itâ€™s KPOP LIVE ì‡ì¸ ë¼ì´ë¸Œ],https://www.youtube.com//watch?v=SVZhx-woT_g
ì´ìŠˆí”¼ë“œ,ë°©íƒ„ ì—¬ë™ìƒ ë“œë””ì–´ ë“±ì¥ã„·ã„·í™”ì œì˜ ê±¸ê·¸ë£¹ 'ë‰´ì§„ìŠ¤'ì— ëŒ€í•œ ëª¨ë“  ê²ƒ,https://www.youtube.com//watch?v=YBMQC_PrwU4
ì—¬ë‹,"ë‰´ì§„ìŠ¤,ì•„ì´ë¸Œ ì°¨ë³„í•˜ëŠ” íŠ¸ì™€ì´ìŠ¤",https://www.youtube.com//shorts/iFPfnl7q1Nc
KCON official,NewJeans (ë‰´ì§„ìŠ¤) ALL MOMENTS ğŸğŸ’š | KCON 2022 SAUDI ARABIA,https://www.youtube.com//watch?v=iMqXW6lSvB4
M2,[MPDì§ìº ] ë‰´ì§„ìŠ¤ ì§ìº  8K 'Hype Boy' (NewJeans FanCam) | @MCOUNTDOWN_2022.8.4,https://www.youtube.com//watch?v=MwIZz8zadqo
Tiamo Kpop,[Full Album] NewJeans (ë‰´ì§„ìŠ¤) â€“ New Jeans,https://www.youtube.com//watch?v=BCL98m0f3Kk
ë‰´ëŸ¬ë²„,[ë‰´ì§„ìŠ¤] ì„¸ìƒ ë¬´í•´í•œ ë‰´ì§„ìŠ¤ ê´€ê³„ì„±.zip ğŸ“,https://www.youtube.com//watch?v=N_2EJDwiVoU
SBS ë‰´ìŠ¤,"""'ë‰´ì§„ìŠ¤' ì„±ê³µ ì˜ˆìƒí–ˆë‹¤""â€¦K-POPì˜ ì§€íœ˜ì 'í”„ë¡œë“€ì„œ ë¯¼í¬ì§„' / SBS / ì´ˆëŒ€ì„",https://www.youtube.com//watch?v=rRQ3f30Csr0
lovelyeonwoo,[Full Album] NewJeans (ë‰´ì§„ìŠ¤) â€“ New Jeans,https://www.youtube.com//watch?v=YGieI3KoeZk
ë””ê¸€ :Diggle,[#ìœ í€´ì¦ˆì˜¨ë”ë¸”ëŸ­] í•˜ì´ë¸Œ ì²œì¬ ë””ë ‰í„° ë¯¼í¬ì§„ ê±¸ê·¸ë£¹ 'ë‰´ì§„ìŠ¤' íƒ„ìƒ ë¹„í™”âœ¨ ë‹¤ì‹œ ì¬í‰ê°€ ë˜ëŠ” ë¯¼í¬ì§„ì˜ í™•ì‹ ì— ì°¬ í•œ ë§ˆë””ğŸ˜ | #ì§€ê¸ˆê¼­ë³¼ë™ì˜ìƒ,https://www.youtube.com//watch?v=mGX0u6xnUy4
idol studio,NewJeans (ë‰´ì§„ìŠ¤) 'Cookie' (ì¿ í‚¤) (êµì°¨í¸ì§‘ Stage Mix),https://www.youtube.com//watch?v=Qik3RP-1CV8
ì›Œë‹ˆë¸”ë£¨ wonnieblue,ë‰´ì§„ìŠ¤ ì•„ì¹´ë¼ì¹´ í’€ì§ìº  1ì—´ full ver | NEWJEANS ì—°ì„¸ëŒ€ ì¶•ì œ AKARAKA ë‰´ì§„ìŠ¤ ë©˜íŠ¸  attentionì–´í…ì…˜  hype boy ì¿ í‚¤ cookie hurt,https://www.youtube.com//watch?v=RMiJ_c6uCNw
ìŠ¤ë¸ŒìŠ¤ì¼€ì´íŒ X INKIGAYO,NewJeans(ë‰´ì§„ìŠ¤) - Attention @ì¸ê¸°ê°€ìš” inkigayo 20220814,https://www.youtube.com//watch?v=YKeLPiX2weg
Mnet K-POP,[NewJeans - Hype Boy] #ì— ì¹´ìš´íŠ¸ë‹¤ìš´ EP.767 | Mnet 220825 ë°©ì†¡,https://www.youtube.com//watch?v=GL2QFKnhxv8
í•œë™ê·¼ Han Dong Geun,ğŸ°ë‰´ì§„ìŠ¤ (NewJeans) - Attention (Cover by í•œë™ê·¼),https://www.youtube.com//shorts/pROtVPElNlo
Mnet K-POP,[êµì°¨í¸ì§‘] ë‰´ì§„ìŠ¤ - Hype boy (NewJeans 'Hype Boy' StageMix),https://www.youtube.com//watch?v=6FnvcuXbPSo
ìŠ¤ë¸ŒìŠ¤ì¼€ì´íŒ X INKIGAYO,[ë‹¨ë…ìƒ·ìº 4K] ë‰´ì§„ìŠ¤ 'Attention' ë‹¨ë…ìƒ· ë³„ë„ë…¹í™”â”‚NewJeans ONE TAKE STAGE @SBS Inkigayo 220807,https://www.youtube.com//watch?v=c6URxEZbJP4
HYBE LABELS,NewJeans (ë‰´ì§„ìŠ¤) 'Hurt' Official MV,https://www.youtube.com//watch?v=tVIXY14aJms
Mnet K-POP,[NewJeans - Hype Boy] Hot Debut Stage | #ì— ì¹´ìš´íŠ¸ë‹¤ìš´ EP.764 | Mnet 220804 ë°©ì†¡,https://www.youtube.com//watch?v=DAEK5GrLb_Y
ì˜ˆì‚¬ì†Œë¦¬,ë‰´ì§„ìŠ¤ ì‹¤ë¬¼ ì²´ê° (ê°“ê¸° ì£¼ì˜),https://www.youtube.com//shorts/Km_SJ-dmuo4
Tyler Nguyen,"New Jeans (ë‰´ì§„ìŠ¤) - ""Hype Boy"" AKARAKA (ì•„ì¹´ë¼ì¹´) [Close Up]",https://www.youtube.com//watch?v=tiao0m67fi8
HYBE LABELS,NewJeans (ë‰´ì§„ìŠ¤) 'Attention' Official MV (Performance ver.),https://www.youtube.com//watch?v=x8RIixqumUc
KCON official,NewJeans (ë‰´ì§„ìŠ¤) - Attention | KCON 2022 SAUDI ARABIA,https://www.youtube.com//watch?v=ytIm1MAeyq0
lovelyeonwoo,NewJeans (ë‰´ì§„ìŠ¤) â€“ Hype Boy Lyrics (Color Coded Han/Rom/Eng),https://www.youtube.com//watch?v=a1r2PX8uwPg
NewJeans,[NewZips] Welcome to ë‰´ìº í”„ğŸšğŸ’¨ EP.2ã…£NewJeans,https://www.youtube.com//watch?v=NzbZrknwTgA
KCON official,NewJeans (ë‰´ì§„ìŠ¤) - Hype Boy | KCON 2022 SAUDI ARABIA,https://www.youtube.com//watch?v=P-xw8z6knWY
GQ KOREA,[ENG] ë‰´ì§„ìŠ¤(NewJeans)ë„ ê²Œì„ì— ì§„ì‹¬ì´ì—ˆì–´ğŸ’ ê·€ìš”ë¯¸ë“¤ ì°í…ì…˜ ë³¼ ì‚¬ëŒ ëª¨ì—¬ë¼ l SPOILER GAME I GQ Shoothing Behind,https://www.youtube.com//watch?v=6lhr64T9EvM
ì´ìŠˆí”¼ë“œ,í˜„ì¬ ë‚œë¦¬ë‚œ ë‰´ì§„ìŠ¤ ë‹¨êµ­ëŒ€ ì¶•ì œ ë¬´ëŒ€ã„·ã„· ë¼ì´ë¸Œ ë…¼ë€ í„°ì§„ ì§„ì§œ ì´ìœ ,https://www.youtube.com//watch?v=k__rZGJACzw
KBS Kpop,[K-Choreo 8K] ë‰´ì§„ìŠ¤ ì§ìº  'Hype Boy' (NewJeans Choreography) l @MusicBank 220812,https://www.youtube.com//watch?v=hJUx6Jut_Ao
Onyx Dance Crew RD,[ONYXDANCECREWRD] NEWJEANS (ë‰´ì§„ìŠ¤) - 'Hype Boy' DANCE COVER | ì»¤ë²„ëŒ„ìŠ¤,https://www.youtube.com//watch?v=CutsUAh2nt8
KBS Kpop,[K-Choreo 8K] ë‰´ì§„ìŠ¤ ì§ìº  'Hype Boy' (NewJeans Choreography) l @MusicBank 220819,https://www.youtube.com//watch?v=7lIKfP7UOFQ
M2,[ë¦´ë ˆì´ëŒ„ìŠ¤] NewJeans(ë‰´ì§„ìŠ¤) - Attention (4K),https://www.youtube.com//watch?v=LjNKUy4hr5c
Mera,220921 ë‰´ì§„ìŠ¤ (NewJeans) Hype boy 4K Cam (ë‹¨êµ­ëŒ€í•™êµì¶•ì œ),https://www.youtube.com//watch?v=48ONQfpIbyU
ë“œë¼ë§ˆê°¤ëŸ¬ë¦¬,ì¥ì›ì˜ì´ ë‰´ì§„ìŠ¤ ë©¤ë²„ë“¤ì—ê²Œ ëŒë ¸ë‹¤ëŠ” ëª…í’ˆ í–¥ìˆ˜ì˜ ë†€ë¼ìš´ ê°€ê²©ëŒ€..ã„·ã„·,https://www.youtube.com//watch?v=eCL2YwS5WoY
ë¦¬ì•¡ì…˜TV,"""ë‰´ì§„ìŠ¤ ì–´í…ì…˜, ì²˜ìŒ ë³¸ ì™¸êµ­ì¸ ë°˜ì‘ì€?"" ë‰´ì§„ìŠ¤ attention í•´ì™¸ë°˜ì‘ ë¦¬ì•¡ì…˜ í•œê¸€ìë§‰ NewJeans MV reaction",https://www.youtube.com//watch?v=C3yW6Osn6LY
ë“œë¼ë§ˆê°¤ëŸ¬ë¦¬,ë‰´ì§„ìŠ¤ ë¯¼ì§€ê°€ ì´ìˆ˜ë§Œì˜ ìºìŠ¤íŒ… ì œì•ˆì„ ë‹¨ì¹¼ì— ê±°ì ˆí•œ ì´ìœ ,https://www.youtube.com//watch?v=bOKoVCyw0Us
KCON official,[Full ShotğŸ¥] NewJeans (ë‰´ì§„ìŠ¤) - Hype Boy | MULTI CAM | KCON 2022 SAUDI ARABIA,https://www.youtube.com//watch?v=75ulkaYc9Us
it's Live,[4K] NewJeans (ë‰´ì§„ìŠ¤) -â€œHurtâ€ Band LIVE Concertâ”‚ìµœì´ˆë¡œ ê³µê°œí•˜ëŠ” ë‰´ì§„ìŠ¤ì˜ Hurt FULL ver.ğŸ’— [itâ€™s KPOP LIVE ì‡ì¸ ë¼ì´ë¸Œ],https://www.youtube.com//watch?v=DaCx8_hLxTY
NewJeans,NewJeans (ë‰´ì§„ìŠ¤) 'Hype Boy' Dance Practice,https://www.youtube.com//watch?v=9JcJ5E1BloU
NewJeans,NewJeans (ë‰´ì§„ìŠ¤) 'Attention' Dance Practice,https://www.youtube.com//watch?v=1VAn7CX_omg
NewJeans,NewJeans (ë‰´ì§„ìŠ¤) 1st EP 'New Jeans' COUNTDOWN LIVE,https://www.youtube.com//watch?v=zfdI4ItNEJQ
ìœ™ë°”ë””í­ì£¼,221008 ë‰´ì§„ìŠ¤ (NewJeans) - Hype Boy (í•˜ì…ë³´ì´)@ TAM THE Fact Music Awards 2022,https://www.youtube.com//watch?v=NnEIz4bNSII
Soul,ë‰´ì§„ìŠ¤ - Hype Boy (1ì‹œê°„) / ê°€ì‚¬,https://www.youtube.com//watch?v=OYyrZNU4Jl8
íŒ¨ì…˜ì„ ë„ë¶€,ë‰´ì§„ìŠ¤ ë¯¼ì§€ ì—°ì„¸ëŒ€ ì¶•ì œ íŒ¨ì…˜ ì•Œì•„ë³´ê¸°!,https://www.youtube.com//shorts/wK1RUFp82yg
ë¹µì‚¬,[ë‰´ì§„ìŠ¤] ì‰´ ìƒˆ ì—†ì´ ì¡°ì˜ëŒ€ëŠ” í¸,https://www.youtube.com//shorts/iUh7OjsyEW0
YummybearTV,NEW JEANS ë‰´ì§„ìŠ¤ Win 'NEXT LEADER' in The Fact Music Awards 2022,https://www.youtube.com//watch?v=wGZzKMBkV68
ë‚¨ì¡°ì„ ë¡€ìˆ ì €ì¥ì†Œ,ê°œì†Œë¦„;; ì¿ í‚¤ ë…¼ë€ ì´í›„ í•˜ì´ë¸Œê°€ ë‰´ì§„ìŠ¤ì—ê²Œ ì €ì§€ë¥´ê³  ìˆëŠ” ì¼ë“¤ã„·ã„·,https://www.youtube.com//watch?v=6FIviXfoR-4
Mera,220924 ë‰´ì§„ìŠ¤ (NewJeans) 'Attention'  4K Cam (ì—°ì„¸ëŒ€ ì•„ì¹´ë¼ì¹´) AKARAKA,https://www.youtube.com//watch?v=2TdRqextzzk
NewJeans,[NewZips] Welcome to ë‰´ìº í”„ğŸšğŸ’¨ EP.2ã…£NewJeans,https://www.youtube.com//watch?v=NzbZrknwTgA
ì†Œì†Œ,ë‚´ê°€ ë“¤ìœ¼ë ¤ê³  ì˜¬ë¦¬ëŠ” ë‰´ì§„ìŠ¤ 1ì‹œê°„ (playlist),https://www.youtube.com//watch?v=RdomEsTGSNo
ë¹„ë””í„°á´ Éªá´…Éªá´›á´Ê€,ë‰´ì§„ìŠ¤_ì–´í…ì…˜_ëŒ“ê¸€ëª¨ìŒ,https://www.youtube.com//watch?v=pOqkjXiBjQE
Bridge TV,"ë‰´ì§„ìŠ¤ ì¿ í‚¤ ì„ ì •ì„± ë…¼ë€, í˜„ì§€ì—ì„œ ì§ì ‘ í™•ì¸í•´ ë´¤ìŠµë‹ˆë‹¤ (ft. ë™ì‹œí†µì—­ì‚¬)",https://www.youtube.com//watch?v=tp-o5gu0kLA
idol studio,NewJeans (ë‰´ì§„ìŠ¤) 'Attention' (êµì°¨í¸ì§‘ Stage Mix),https://www.youtube.com//watch?v=B44EMIPlOl4
NewJeans,[Making Jeans] NewJeans (ë‰´ì§„ìŠ¤) 1st EP 'New Jeans' ë¹„í•˜ì¸ë“œ EP.1,https://www.youtube.com//watch?v=tsCqgK9Gsp4
ã€íƒˆë•ìˆ˜ìš©ì†Œã€‘ Sojang,"ë‰´ì§„ìŠ¤ ì²« íŒ¬ì‹¸ì¸íšŒ í›„ êµ­ë‚´, í•´ì™¸ê¹Œì§€ ë‚œë¦¬ë‚œ ìƒí™©",https://www.youtube.com//watch?v=9aDTX0KOsaI
NewJeans,[NewZips] ë‰´ì§„ìŠ¤.zip OPEN!ğŸ” EP.1ã…£NewJeans,https://www.youtube.com//watch?v=9IV9Wju5f0Q
HYBE LABELS,NewJeans (ë‰´ì§„ìŠ¤) 'Hype Boy' Official MV (HANNI ver.),https://www.youtube.com//watch?v=jM-K-h9gUdM
ëª…ì‹ì´,NewJeans(ë‰´ì§„ìŠ¤) - Attention & Hype Boy (1 Hour Loop) | 1ì‹œê°„,https://www.youtube.com//watch?v=tVR3s4I8DgU
ìŠ¤ë¸ŒìŠ¤ì¼€ì´íŒ X INKIGAYO,[ë‹¨ë…ìƒ·ìº 4K] ë‰´ì§„ìŠ¤ 'Hype Boy' ë‹¨ë…ìƒ· ë³„ë„ë…¹í™”â”‚NewJeans ONE TAKE STAGE @SBS Inkigayo 220821,https://www.youtube.com//watch?v=5sp_qdC3_dg
NewJeans,NewJeans(ë‰´ì§„ìŠ¤) 'Hurt' Special Video,https://www.youtube.com//watch?v=-L7eMf6Yf84
NewJeans,NewJeans (ë‰´ì§„ìŠ¤) 'Hype Boy' Special Performance Video,https://www.youtube.com//watch?v=Gw2jHej29QE
K-POPë„ê° [ìŠ¤íƒ€ë“¤ì˜ ì„±ì¥ STORY] K-POP BOOK,ë‰´ì§„ìŠ¤ ì‹œìƒì‹ ì˜ìƒ ë¬´ìŠ¨ì¼??? ì¶©ê²©ì½”ë””ì— ë©˜ë¶• #ë‰´ì§„ìŠ¤ ì˜ìƒë…¼ë€ #ë‰´ì§„ìŠ¤ ë”íŒ©íŠ¸ ëŒ“ê¸€,https://www.youtube.com//watch?v=vx8pCqgAIls
K MUSIC,"[Playlist] NewJeans (ë‰´ì§„ìŠ¤) - Attention, Hype Boy, Hurt | ë‰´ì§„ìŠ¤ ë…¸ë˜ ëª¨ìŒ",https://www.youtube.com//watch?v=r8-bGl_6HeQ
Sad,NewJeans (ë‰´ì§„ìŠ¤) - Attention (1 Hour Loop) / 1ì‹œê°„,https://www.youtube.com//watch?v=DhlPeoFZVac
Rock Music,NewJeans ë‰´ì§„ìŠ¤ 'Attention ì–´í…ì…˜' | ë‹¨êµ­ëŒ€í•™êµ ì¶•ì œ [4K ì§ìº ] 220921,https://www.youtube.com//watch?v=LeCyI_X-ITg
Mnet K-POP,[NewJeans - Attention] #ì— ì¹´ìš´íŠ¸ë‹¤ìš´ EP.765 | Mnet 220811 ë°©ì†¡,https://www.youtube.com//watch?v=suHqAf-2Exo
Doyouram - Everyday K-Culture,"ë°©íƒ„ì†Œë…„ë‹¨ ì†”ë¡œ 2ëª…, ë‰´ì§„ìŠ¤ ì»´ë°± ë“± í•˜ì´ë¸Œì˜ ê³„íš(ENG, ESP, INDO)",https://www.youtube.com//watch?v=lvgmHoDOfgU
NewJeans,[Making Jeans] NewJeans (ë‰´ì§„ìŠ¤) 1st EP 'New Jeans' ë¹„í•˜ì¸ë“œ EP.2,https://www.youtube.com//watch?v=6AR_hBqR274
DANPIA,NewJeans ë‰´ì§„ìŠ¤ - Hype Boy (Citypop ver.) ì‹œí‹°íŒ ë²„ì „,https://www.youtube.com//watch?v=fXjdkWP2kaM
1 HÃ¸ur,NewJeans (ë‰´ì§„ìŠ¤) - Attention X Hype Boy (1 HOUR LOOP) Lyrics | 1ì‹œê°„ ê°€ì‚¬,https://www.youtube.com//watch?v=BYQq0TSnxUw
Bridge TV,"ë‰´ì§„ìŠ¤ Cookie ê°€ì‚¬ ì„ ì •ì„± ë…¼ë€, ë™ì‹œí†µì—­ì‚¬ì˜ ì„¤ëª…",https://www.youtube.com//watch?v=z4X-0QAUCjw
ğ™ğ™–ğ™™ ğ™‰ğ™ğ™œğ™ğ™©,NewJeans (ë‰´ì§„ìŠ¤) - Attention (1 HOUR LOOP) Lyrics | 1ì‹œê°„,https://www.youtube.com//watch?v=kX61k5hPVyo
SBS NOW / SBS ê³µì‹ ì±„ë„,[í‹°ì €] ë£©í‚¹ í›¨ í•˜ì´ í…ì…˜..â¤ ì˜ˆëŠ¥ ìƒˆë‚´ê¸° ë‰´ì§„ìŠ¤ê°€ ë¶€ì‚°ì— ë–´ë‹¤! #ë‰´ì§„ìŠ¤ì½”ë“œ | SBSNOW,https://www.youtube.com//watch?v=_MMIS7VJGmM
NewJeans,[Light Jeans] NewJeans GQ Photoshoot Behind ğŸ“•,https://www.youtube.com//watch?v=-9Pw3ibD9NU
ì´ìŠˆí”¼ë“œ,ëˆˆë„ ì•ˆë§ˆì£¼ì¹˜ë„¤ ã„·ã„· ì˜ë‚˜ê°€ëŠ” í›„ë°° ë‰´ì§„ìŠ¤ë¥¼ ì²˜ìŒ ë§Œë‚œ ì¥ì›ì˜ì˜ ì¶©ê²©ì ì¸ ë°˜ì‘,https://www.youtube.com//watch?v=u64ZxH-LLg4
ì„¸ë ¨ ğğ¥ğšğ²ğ¥ğ¢ğ¬ğ­,"[ğğ¥ğšğ²ğ¥ğ¢ğ¬ğ­] ê·¸ëƒ¥ ë¯¸ì¹œ ì¡°í•©,, ì•„ì´ë¸Œ,ë‰´ì§„ìŠ¤ ë…¸ë˜ ëª¨ìŒ ğŸ’¦",https://www.youtube.com//watch?v=xEI3aVi3x1c
ARTBEAT,[ì—¬ê¸°ì„œìš”?] ë‰´ì§„ìŠ¤ NewJeans - Attention | ì»¤ë²„ëŒ„ìŠ¤ Dance Cover @ë™ì„±ë¡œ,https://www.youtube.com//watch?v=r77nAGR4KTk
1 HÃ¸ur,NewJeans (ë‰´ì§„ìŠ¤) - Hype Boy (1 HOUR LOOP) Lyrics | 1ì‹œê°„ ê°€ì‚¬,https://www.youtube.com//watch?v=v17WB-hE988
HYBE LABELS,NewJeans (ë‰´ì§„ìŠ¤) 'Hype Boy' Official MV (Intro),https://www.youtube.com//watch?v=SHYWqy_X-tU
ê°•ê³ ì–‘ì´í•´ë¦°,ì–´ë”˜ê°€.. ì´ìƒí•œ ì‹ ì¸ ì•„ì´ëŒ ê°•í•´ë¦° ëª¨ë¨¼íŠ¸ [ë‰´ì§„ìŠ¤ í•´ë¦°],https://www.youtube.com//watch?v=M0TH7zscBIM
ìŠ¤ë¸ŒìŠ¤ì¼€ì´íŒ X INKIGAYO,[ì•ˆë°©1ì—´ í’€ìº 4K] ë‰´ì§„ìŠ¤ 'Hype Boy' (NewJeans FullCam)â”‚@SBS Inkigayo 220821,https://www.youtube.com//watch?v=YLy4iXLu0qI
ìŠ¤ë¸ŒìŠ¤ì¼€ì´íŒ X INKIGAYO,NewJeans(ë‰´ì§„ìŠ¤) - Hurt @ì¸ê¸°ê°€ìš” inkigayo 20220828,https://www.youtube.com//watch?v=4SjJzU05Qjc
SBS Radio ì—ë¼ì˜¤,[FULL][4K] ì ˆëŒ€ ì§ˆë¦¬ì§€ ì•ŠëŠ” ì™„ë²½í•œ ê°“ê¸° ê·¸ë£¹ì˜ íƒ„ìƒ! ğŸ’™ë‰´ì§„ìŠ¤(NewJeans)ğŸ’™ | ê³ ë§‰ì„ í„¸ì–´ë¼ | ë‘ì‹œíƒˆì¶œ ì»¬íˆ¬ì‡¼ | 220814,https://www.youtube.com//watch?v=wf5bRNl24tY
aid tunê¹€êµì°¨,NewJeans(ë‰´ì§„ìŠ¤) - Hype boy êµì°¨í¸ì§‘(stage mix),https://www.youtube.com//watch?v=oo9Jsu5jy-0
1 HÃ¸ur,NewJeans (ë‰´ì§„ìŠ¤) - Cookie + Hype Boy + Attention (1 HOUR LOOP) Lyrics | 1ì‹œê°„ ê°€ì‚¬,https://www.youtube.com//watch?v=70C-ERtq6W4
NewJeans,NewJeans (ë‰´ì§„ìŠ¤) 'Attention' Dance Practice (ver.2),https://www.youtube.com//watch?v=mzkbi6xNmSg
M2,[MPDì§ìº ] ë‰´ì§„ìŠ¤ ì§ìº  4K 'Hype Boy' (NewJeans FanCam) | @MCOUNTDOWN_2022.8.25,https://www.youtube.com//watch?v=rpyjbG6DC4g
STUDIO CHOOM [ìŠ¤íŠœë””ì˜¤ ì¶¤],(Full Focused) NewJeans(ë‰´ì§„ìŠ¤) 'Attention' 4K | BE ORIGINAL,https://www.youtube.com//watch?v=AG54RjPx0m8
YummybearTV,NEW JEANS ë‰´ì§„ìŠ¤ Win 'NEXT LEADER' in The Fact Music Awards 2022,https://www.youtube.com//watch?v=wGZzKMBkV68
M2,[MPDì§ìº ] ë‰´ì§„ìŠ¤ ì§ìº  8K 'Cookie' (NewJeans FanCam) | @MCOUNTDOWN_2022.8.4,https://www.youtube.com//watch?v=dNayEt_IXog
HYBE LABELS,NewJeans (ë‰´ì§„ìŠ¤) â€˜We Are NewJeansâ€™,https://www.youtube.com//watch?v=k8fSPMXWAR4
HYBE LABELS,NewJeans (ë‰´ì§„ìŠ¤) 'Hype Boy' Official MV (HYEIN ver.),https://www.youtube.com//watch?v=j6r7Px6w2ik
LQ KPOP,[Full Album] NewJeans (ë‰´ì§„ìŠ¤) - New Jeans,https://www.youtube.com//watch?v=hbKG44p_ySM
ì‘ì˜¥ ê¹€,[ë‰´ì§„ìŠ¤ í•˜ë‹ˆ(New Jeans Hanni)] ì€ì€í•˜ì§€ë§Œ í™•ì‹¤í•œ ê°œê·¸ìº íŒœí•˜ë‹ˆ,https://www.youtube.com//watch?v=6-66LsU1eCo
M2,[ì…ë•ì§ìº ] ë‰´ì§„ìŠ¤ í•´ë¦° ì§ìº  4K 'Hype Boy' (NewJeans HAERIN FanCam) | @MCOUNTDOWN_2022.8.4,https://www.youtube.com//watch?v=fajvR2IjnRc
ìŠ¤ë¸ŒìŠ¤ì¼€ì´íŒ X INKIGAYO,[ì•ˆë°©1ì—´ í’€ìº 4K] ë‰´ì§„ìŠ¤ 'Cookie' (NewJeans FullCam)â”‚@SBS Inkigayo 220807,https://www.youtube.com//watch?v=13aW5zJ832U
BS ì¼ìƒ ã€Vlogã€‘,[í•´ì„¤ìë§‰/ì¼ë³¸ë°©ì†¡] ìš°ì˜ìš°ì˜ ì£¼ì¸ê³µ ë°•ì€ë¹ˆê³¼ ë‰´ì§„ìŠ¤ ì¤‘ì  ì†Œê°œ #ì¼ë³¸ë°©ì†¡ #kpop ##ë‰´ì§„ìŠ¤ #newjeans #ìš°ì˜ìš° #ë°•ì€ë¹ˆ #wooyoungwoo,https://www.youtube.com//watch?v=4ox3hLxFEz0
ì´ìŠˆí”¼ë“œ,ì™œ í•˜í•„ ì €ëŸ° ì˜·ì„?!ã„·ã„· ë‰´ì§„ìŠ¤ ìµœê·¼ ë¬´ëŒ€ ì˜ìƒ ë•Œë¬¸ì— íŒ¬ë“¤ ì¶©ê²©ë°›ì€ ì´ìœ  (+ì˜ìƒ ë…¼ë€ ì´ì •ë¦¬),https://www.youtube.com//watch?v=DnlKlwJcQmg
KBS Kpop,[K-Choreo 8K HDR] ë‰´ì§„ìŠ¤ ì§ìº  'Attention' (NewJeans Choreography) l @MusicBank 220805,https://www.youtube.com//watch?v=nI6Zp5P13Ow
M2,[MPDì§ìº ] ë‰´ì§„ìŠ¤ ì§ìº  8K 'Attention' (NewJeans FanCam) | @MCOUNTDOWN_2022.8.11,https://www.youtube.com//watch?v=bQ9tQtG0pmw
KBS Kpop,Hurt - ë‰´ì§„ìŠ¤(NewJeans) [ë®¤ì§ë±…í¬/Music Bank] | KBS 220826 ë°©ì†¡,https://www.youtube.com//watch?v=DGBpiPSUNMY
KBS Kpop,[ì–¼ë¹¡ì§ìº  4K] ë‰´ì§„ìŠ¤ ë¯¼ì§€ 'Hype Boy' (NewJeans MINJI Facecam) @ë®¤ì§ë±…í¬(Music Bank) 220812,https://www.youtube.com//watch?v=p1cE9T0CFCQ
ìŠ¤ë¸ŒìŠ¤ì¼€ì´íŒ X INKIGAYO,[ì•ˆë°©1ì—´ í’€ìº 4K] ë‰´ì§„ìŠ¤ 'Attention' (NewJeans FullCam)â”‚@SBS Inkigayo 220807,https://www.youtube.com//watch?v=X5SeR_DVaiw
DANPIA,NewJeans ë‰´ì§„ìŠ¤ 'Bad Cookie',https://www.youtube.com//watch?v=tcTK4VusNJs
Jaeguchi,NewJeans Hurt Lyrics (ë‰´ì§„ìŠ¤ Hurt ê°€ì‚¬) (Color Coded Lyrics),https://www.youtube.com//watch?v=wY7bGCj4fQk
ìŠ¤ë¸ŒìŠ¤ì¼€ì´íŒ X INKIGAYO,[ë‹¨ë…ìƒ·ìº 4K] ë‰´ì§„ìŠ¤ 'Cookie' ë‹¨ë…ìƒ· ë³„ë„ë…¹í™”â”‚NewJeans ONE TAKE STAGE @SBS Inkigayo 220807,https://www.youtube.com//watch?v=2AgpBwagplU
NewJeans,NewJeans(ë‰´ì§„ìŠ¤) Dance TipsğŸ’¡,https://www.youtube.com//watch?v=zNLRL1GYTDE
KCON official,NewJeans (ë‰´ì§„ìŠ¤) - Cookie | KCON 2022 SAUDI ARABIA,https://www.youtube.com//watch?v=09Tz_56eMXw
ì—°ì„¸ìš°ìœ ,NEWJEANS ë‰´ì§„ìŠ¤ HYPE BOY | 2022 ì—°ì„¸ëŒ€ ì•„ì¹´ë¼ì¹´ YONSEI AKARAKA FESTIVAL,https://www.youtube.com//watch?v=LU9MSzhwkaQ
NewJeans,NewJeans (ë‰´ì§„ìŠ¤) 'Cookie' Dance Practice,https://www.youtube.com//watch?v=9yXe2HXcqcQ
ìœ ì–´ë¦¬ì•„ your ria,ë¯¼ì§€ê°€ ì´ì˜ë‹¤êµ¬ í•´ì¤¬ã„·r...ğŸ˜» ë‰´ì§„ìŠ¤ ëŒ€ë©´íŒ¬ì‹¸ ë¸Œì´ë¡œê·¸ â€¢ ë‚´ ì§ˆë¬¸ì´ 2ë²ˆ ë½‘íŒ ê±´ì— ëŒ€í•˜ì—¬ğŸ¥° Newjeans fansign event 220816,https://www.youtube.com//watch?v=PV6szCH7Kzs
íŒ¨ì…˜ì„ ë„ë¶€,ë‰´ì§„ìŠ¤ ë‹¤ë‹ˆì—˜ ê³µí•­íŒ¨ì…˜ ê°€ê²©ì€?,https://www.youtube.com//shorts/X9QKR66EUYE
KBS í•œêµ­ë°©ì†¡,[OHë­ì§€ğŸ§] ì²­ëŸ‰í•¨ì— Attention í•  ìˆ˜ë°–ì— ì—†ëŠ” ë‹¤ì„¯ì†Œë…€ğŸ° ë‰´ì§„ìŠ¤(NewJeans) ë…¸ë˜ëª¨ìŒğŸ­ã…£KBS ë°©ì†¡,https://www.youtube.com//watch?v=tLC7zwC_Ls4
SK telecom,[SKí…”ë ˆì½¤] Attention! New0ì„ ìœ„í•œ iPhone 14 Pro,https://www.youtube.com//watch?v=d3Z-LrKMmwo
KCON official,[Full ShotğŸ¥] NewJeans (ë‰´ì§„ìŠ¤) - Cookie | MULTI CAM | KCON 2022 SAUDI ARABIA,https://www.youtube.com//watch?v=cz7YeX582O0
ëª…ì‹ì´,NewJeans(ë‰´ì§„ìŠ¤) - Cookie & Hurt & Attention & Hype Boy (1 Hour Loop) | 1ì‹œê°„,https://www.youtube.com//watch?v=DpB_VfewOVs
Chaecado ,ë‰´ì§„ìŠ¤ í•˜ì…ë³´ì´ ê°€ì‚¬ New Jeans Hype Boy Lyrics | Color Coded | New Jeans Hybe Boy Lyrics,https://www.youtube.com//watch?v=6qXHp288Vmk
ë¹µì‚¬,[ë‰´ì§„ìŠ¤] ê°‘ìê¸° ê°•ì•„ì§€ ë“±ì¥,https://www.youtube.com//shorts/e3IN_tJrxro
ë¹µì‚¬,[ë‰´ì§„ìŠ¤] ë¯¼ì§€ì˜ ìµœì•  ì§ìº ì„ ê³¨ë¼ë³´ì„¸ìš”,https://www.youtube.com//shorts/tYrphcnXBmU
Mnet K-POP,[NewJeans - Cookie] Hot Debut Stage | #ì— ì¹´ìš´íŠ¸ë‹¤ìš´ EP.764 | Mnet 220804 ë°©ì†¡,https://www.youtube.com//watch?v=v3VoTXZXYjI
KBS Kpop,[4K] ë‰´ì§„ìŠ¤ 'Attention' ë®¤ì§ë±…í¬ 1ìœ„ ì•µì½œ ì§ìº  (NewJeans Encore Fancam) @MusicBank 220819,https://www.youtube.com//watch?v=DqU7QGO2hI4
ìƒ¤ì›Œë‹ˆ,221008 ë”íŒ©íŠ¸ ë‰´ì§„ìŠ¤ hype boy+attention Newjeans thefactmusicawards,https://www.youtube.com//watch?v=Zy6DmpHvdzU
í—¤ì´ë°ì´ Heyday,"ì „ë¬¸ ëŒ„ì„œë“¤ì´ ë§í•˜ëŠ” ë‰´ì§„ìŠ¤ì˜ ì•ˆë¬´ê°€ ""ë³´ê¸° ì¢‹ì€"" ì´ìœ ! (HYPE BOY, ATTENTION, COOKIE)",https://www.youtube.com//watch?v=u7Mol8c25tI
ë‡¨ë‡¨,ë‰´ì§„ìŠ¤ í•´ë¦° ë‹®ì€ê¼´,https://www.youtube.com//shorts/jb9OaHRDIX4
KBS Kpop,[ì–¼ë¹¡ì§ìº  4K] ë‰´ì§„ìŠ¤ ë¯¼ì§€ 'Hype Boy' (NewJeans MINJI Facecam) @ë®¤ì§ë±…í¬(Music Bank) 220819,https://www.youtube.com//watch?v=eQ4OOr8KOFE
STUDIO CHOOM [ìŠ¤íŠœë””ì˜¤ ì¶¤],[BE ORIGINAL] NewJeans(ë‰´ì§„ìŠ¤) 'Attention' (Behind) (ENG/JPN),https://www.youtube.com//watch?v=BwvTlYb5jtc
Soul,ë‰´ì§„ìŠ¤ (NewJeans) - ì¿ í‚¤ (Cookie) (1ì‹œê°„) / ê°€ì‚¬,https://www.youtube.com//watch?v=LnQw62a0Jy0
Jaeguchi,NewJeans (ë‰´ì§„ìŠ¤) 'Cookie' Lyrics (Color Coded Lyrics),https://www.youtube.com//watch?v=uEnIsBKkbh4
ìŠ¤ë¸ŒìŠ¤ì¼€ì´íŒ X INKIGAYO,[ì•µì½œìº 4K] ë‰´ì§„ìŠ¤ 'Attention' ì¸ê¸°ê°€ìš” 1ìœ„ ì•µì½œ ì§ìº  (NewJeans Encore Fancam) | @SBS Inkigayo_2022.08.21.,https://www.youtube.com//watch?v=XPxdU5NOIW4
ì˜í¬ë¦¿l Young Cret,"ë‰´ì§„ìŠ¤ í˜¸ì£¼ì˜ì–´ VS ì†Œë…€ì‹œëŒ€ ì •í†µ ë¯¸êµ­ì˜ì–´, MZì„¸ëŒ€ ì˜ì–´ì‹¤ë ¥ ê·¹ê³¼ ê·¹ ì°¨ì´ ã„·ã„·[ENGSUB |NewJeans| ì˜ì–´ê³µë¶€]",https://www.youtube.com//watch?v=XrSSranf9ZA
íŒ¨ì…˜ì„ ë„ë¶€,ë‰´ì§„ìŠ¤ ë¯¼ì§€ ì—°ì„¸ëŒ€ ì¶•ì œ íŒ¨ì…˜ ì•Œì•„ë³´ê¸°!,https://www.youtube.com//shorts/wK1RUFp82yg
NewJeans,NewJeans (ë‰´ì§„ìŠ¤) 'Hype Boy' Dance Practice (ver.3),https://www.youtube.com//watch?v=DAjNQv5TXfU
ê·¸ë ‰í˜• Greg,[ê·¸ë ‰] ë‰´ì§„ìŠ¤(NewJeans) -  Hype Boy,https://www.youtube.com//watch?v=8SwZBs9EWVI
ë¹µì‚¬,[ë‰´ì§„ìŠ¤] ê´‘ê³ ì— ìµœì í™”ëœ ë¯¼ì§€ ëª©ì†Œë¦¬,https://www.youtube.com//shorts/srMPcDaLQaI
Sad,NewJeans (ë‰´ì§„ìŠ¤) - Hype Boy (1 Hour Loop) / 1ì‹œê°„,https://www.youtube.com//watch?v=dUKNHDACvS8
ëª…ì‹ì´,NewJeans(ë‰´ì§„ìŠ¤) - Hurt & Attention & Hype Boy (1 Hour Loop) | 1ì‹œê°„,https://www.youtube.com//watch?v=r_1MR74X-5A
1 HÃ¸ur,NewJeans (ë‰´ì§„ìŠ¤) - Hurt (1 HOUR LOOP) Lyrics | 1ì‹œê°„ ê°€ì‚¬,https://www.youtube.com//watch?v=T_eCSgXOl88
ì§ë‹ˆë¡œê·¸ JIMNYLOG,2022 ì—°ì„¸ëŒ€í•™êµ ì•„ì¹´ë¼ì¹´ ë‰´ì§„ìŠ¤ í•˜ì…ë³´ì´ NEW JEANS - hype boy ğŸ’™ ê°“ê¸°ë“¤ì˜ ëŒ€í•™ì¶•ì œ,https://www.youtube.com//watch?v=Qu1_QwHswhc
ì˜ˆìœê²Œë‹¤ë‹ˆì—˜,ë¼ì´ë¸Œì—ì„œ ë„ˆë¬´ ì˜ˆì˜ê²Œ ì›ƒëŠ” #ë‰´ì§„ìŠ¤ ë¯¼ì§€,https://www.youtube.com//shorts/WfJSvPMBz8I
M2,[ì…ë•ì§ìº ] ë‰´ì§„ìŠ¤ í•˜ë‹ˆ ì§ìº  4K 'Hype Boy' (NewJeans HANNI FanCam) | @MCOUNTDOWN_2022.8.4,https://www.youtube.com//watch?v=lmJPeFW75qQ
í—ˆìœ¤í•˜ Heo Yoonha,ë‰´ì§„ìŠ¤ ( Newjeans ) - Hype boy. cover #í•œë¦¼ì˜ˆê³ ,https://www.youtube.com//shorts/Lbirl9EgkDI
ìŠ¤ë¸ŒìŠ¤ì¼€ì´íŒ ZOOM,[í˜ì´ìŠ¤ìº 4K] ë‰´ì§„ìŠ¤ ë¯¼ì§€ 'Attention' (NewJeans MINJI FaceCam) @SBS Inkigayo 220807,https://www.youtube.com//watch?v=LcS-451yDxI
KBS Kpop,Hurt - ë‰´ì§„ìŠ¤(NewJeans) [ë®¤ì§ë±…í¬/Music Bank] | KBS 220819 ë°©ì†¡,https://www.youtube.com//watch?v=iW7B08-TlJ0
"neomu lonely, neomu happy",NewJeans (ë‰´ì§„ìŠ¤) 'Attention' Official MV  Reaction Mashup,https://www.youtube.com//watch?v=jt8IBxLjxVE
MORE THAN YOUTH,NewJeans ë‰´ì§„ìŠ¤ - 'Attention' | ì»¤ë²„ëŒ„ìŠ¤ DANCE COVER | ì•ˆë¬´ ì—°ìŠµì˜ìƒ ê±°ìš¸ëª¨ë“œ PRACTICE MIRROR MODE,https://www.youtube.com//watch?v=KGgo5XAYrNE
Coffee4U,"220921 NewJeans (ë‰´ì§„ìŠ¤) ""Attention"" ì§ìº (Fancam) [4K 60p] @ë‹¨êµ­ëŒ€í•™êµ ì¶•ì œ",https://www.youtube.com//watch?v=lrMNaD8GTMY
Mnet K-POP,[NewJeans - Attention] Hot Debut Stage | #ì— ì¹´ìš´íŠ¸ë‹¤ìš´ EP.764 | Mnet 220804 ë°©ì†¡,https://www.youtube.com//watch?v=J0bFfJSlU_0
Doyouram - Everyday K-Culture,"ë‰´ì§„ìŠ¤[NewJeans], ë‹¹ì‹ ì´ ê¶ê¸ˆí•´í•  ìƒˆë¡œìš´ í•˜ì´ë¸Œ ê±¸ê·¸ë£¹ ë©¤ë²„ë“¤ì˜ ì •ì²´(ENG, INDO, TH)",https://www.youtube.com//watch?v=EonNDDAjkB4
985 CREW,"[K-POP IN PUBLIC] NewJeansï¼ˆë‰´ì§„ìŠ¤ï¼‰ - "" Hype Boy "" Dance Cover By 985 From HangZhou",https://www.youtube.com//watch?v=ecbEi5FucSE
í”¼ì‹ëŒ€í•™Psick Univ,[í•œê¸€ìë§‰] pH-1ì—ê²Œ ì—ìŠ¤íŒŒvsë‰´ì§„ìŠ¤ë¥¼ ë¬»ë‹¤,https://www.youtube.com//watch?v=Cc-5gpp998E
